Duration_window_flow,Avg_delta_time,Min_delta_time,Max_delta_time,StDev_delta_time,Avg_pkts_length,Min_pkts_length,Max_pkts_lenght,StDev_pkts_lenght,Label
0.000125,1.25E-05,0,0.000125,4.17E-05,1445.4,1008,1494,153.6866943,targetOne
0.00015,1.50E-05,0,0.00015,5.00E-05,1404.4,598,1494,283.3400784,targetOne
0.00421,0.000421,0,0.003305,0.001094039,874.2,60,1494,675.3300099,targetOne
0.003275,0.0003275,0,0.001006,0.000377987,60,60,60,0,targetOne
0.002161,0.0002161,0,0.000954,0.000375412,60,60,60,0,targetOne
4.12106,0.412106,0,2.149218,0.74169098,174.8,54,373,118.0111106,targetOne
8.946175,0.8946175,0.000773,3.002513,1.338522241,319.7,168,496,129.2173449,targetOne
1.153984,0.1153984,0.000683,1.047046,0.346054551,464.4,434,496,23.33428569,targetOne
4.697433,0.4697433,0.000747,3.743211,1.247556468,422.8,179,496,92.27591476,targetOne
0.86561,0.086561,0.00015,0.759348,0.250722644,448.5,74,1292,340.5620355,targetOne
0.016089,0.0016089,0,0.0084,0.003359757,372.3,69,1292,427.9423767,targetOne
0.031739,0.0031739,5.50E-05,0.011642,0.004757095,231.7,69,852,263.6019938,targetOne
0.01142,0.001142,4.60E-05,0.006061,0.001831777,476.3,77,1288,326.1141756,targetOne
0.000735,7.35E-05,0,0.000494,0.000159718,821,75,1292,608.7468001,targetOne
0.00074,7.40E-05,0,0.000556,0.000178514,805.2,75,1292,628.4560976,targetOne
0.001443,0.0001443,0,0.001245,0.000407523,926.9,75,1292,587.86685,targetOne
0.000353,3.53E-05,0,0.000183,5.87E-05,926.9,75,1292,587.86685,targetOne
0.001443,0.0001443,0,0.00069,0.000264403,805.2,75,1292,628.4560976,targetOne
0.084552,0.0084552,0.000112,0.046733,0.016186109,400.1,67,1292,376.2152014,targetOne
1.036127,0.1036127,0.000163,1.02748,0.342135622,537.7,75,1292,428.7387316,targetOne
0.01305,0.001305,0,0.007045,0.002689689,315.2,67,1292,414.269853,targetOne
0.056026,0.0056026,0,0.0363,0.012192078,730.7,67,1292,607.489561,targetOne
0.00206,0.000206,0,0.001495,0.000483495,818.9,75,1292,612.0485547,targetOne
0.000632,6.32E-05,0,0.00031,0.0001053,580,75,1292,546.7764117,targetOne
0.00134,0.000134,0,0.000762,0.000256545,446.1,75,1292,516.3348289,targetOne
0.003646,0.0003646,0,0.001809,0.000720126,953.7,75,1292,548.2418465,targetOne
0.023227,0.0023227,0,0.00782,0.003269643,555.3,75,1292,555.7367582,targetOne
0.011412,0.0011412,0,0.00391,0.001406372,396.6,69,1292,499.7697692,targetOne
0.021338,0.0021338,0,0.005489,0.002369526,264.4,69,1292,383.780377,targetOne
0.003227,0.0003227,0,0.001537,0.000529179,438.1,68,1292,502.1680662,targetOne
0.637407,0.0637407,0.000179,0.201388,0.086022842,104.4,68,297,74.1143261,targetOne
0.006523,0.0006523,0,0.00462,0.001475671,93,68,146,35.74290916,targetOne
0.000662,6.62E-05,0,0.000301,0.000100745,85.4,68,175,31.5988748,targetOne
0.087735,0.0087735,0,0.026347,0.011079419,437.5,68,1292,587.8375153,targetOne
0.000281,2.81E-05,0,8.00E-05,3.18E-05,805.5,75,1292,628.0693964,targetOne
0.315232,0.0315232,0,0.200862,0.065083545,419.9,68,1292,518.8250508,targetOne
0.003214,0.0003214,0,0.001624,0.000524349,909.6,75,1292,578.1747525,targetOne
0.000709,7.09E-05,0,0.000449,0.000143273,822,75,1292,554.1365656,targetOne
0.00149,0.000149,0,0.000812,0.000270342,678.8,75,1292,603.8544343,targetOne
0.002673,0.0002673,0,0.001134,0.000427363,769.3,75,1292,558.3412039,targetOne
0.003473,0.0003473,0,0.001059,0.00036708,863,75,1292,570.4804992,targetOne
0.003994,0.0003994,0,0.002329,0.000770742,858.3,75,1292,512.2920283,targetOne
0.00628,0.000628,0,0.00306,0.001058008,759.6,70,1292,577.7310408,targetOne
0.06119,0.006119,0.000168,0.025592,0.007612293,259,70,1288,376.0245264,targetOne
0.030451,0.0030451,0,0.017203,0.005496449,589.6,70,1292,572.6389594,targetOne
0.000866,8.66E-05,0,0.000453,0.000142564,588.6,75,1292,606.5665119,targetOne
0.000407,4.07E-05,0,0.000266,8.60E-05,805.2,75,1292,628.4560976,targetOne
0.002021,0.0002021,0,0.000968,0.000373447,926.2,68,1292,588.9970383,targetOne
0.000696,6.96E-05,0,0.000523,0.000168392,805.2,75,1292,628.4560976,targetOne
0.000697,6.97E-05,0,0.000487,0.000155787,1048.6,75,1292,513.132255,targetOne
0.1652,0.01652,4.20E-05,0.089213,0.030338722,317.3,68,1288,414.2237855,targetOne
0.038759,0.0038759,0,0.029031,0.009570385,682.3,68,1292,641.8469963,targetOne
0.000886,8.86E-05,0,0.000442,0.000144643,1021,75,1292,468.7866134,targetOne
0.000543,5.43E-05,0,0.000445,0.000144866,1169.8,75,1292,384.6767185,targetOne
0.000114,1.14E-05,0,0.000114,3.80E-05,1170.3,75,1292,384.8491912,targetOne
0.000286,2.86E-05,0,8.90E-05,2.99E-05,1140.9,75,1292,385.7478883,targetOne
0.001494,0.0001494,0,0.00121,0.000393168,1169.6,75,1292,384.6095278,targetOne
0.011355,0.0011355,0,0.00599,0.002100867,726.3,75,1292,602.2424853,targetOne
0.003466,0.0003466,0,0.002673,0.000892941,1170.3,75,1292,384.8491912,targetOne
0.393888,0.0393888,0,0.379265,0.125829614,536,75,1292,538.6683168,targetOne
0.031642,0.0031642,0,0.025431,0.008302532,199.4,77,870,246.1436798,targetOne
0.045402,0.0045402,0,0.042225,0.013956563,700.8,76,1274,608.1967518,targetOne
0.025562,0.0025562,0,0.022319,0.007365818,673.3,76,1274,626.533328,targetOne
0.002881,0.0002881,0,0.002006,0.000644273,825,76,1274,586.1757416,targetOne
0.000767,7.67E-05,0,0.000462,0.000143414,914.6,76,1274,578.6889781,targetOne
0.001389,0.0001389,0,0.001122,0.000363477,914.6,76,1274,578.6889781,targetOne
0.001987,0.0001987,4.00E-06,0.001102,0.00039356,794.8,76,1274,618.6445398,targetOne
0.001769,0.0001769,0,0.000861,0.000310956,915.1,76,1274,577.8855038,targetOne
0.018034,0.0018034,0,0.013072,0.004305063,709.8,76,1274,602.8402774,targetOne
0.000786,7.86E-05,0,0.0006,0.0001929,615.6,76,1274,563.3130568,targetOne
0.005368,0.0005368,0,0.003859,0.001292969,729,76,1274,587.738604,targetOne
0.006283,0.0006283,0,0.003833,0.001385233,809,76,1274,601.7103401,targetOne
0.001854,0.0001854,0,0.001156,0.000374529,692.4,76,1274,615.2512043,targetOne
0.004218,0.0004218,0,0.002059,0.000703133,707.1,76,1274,600.713363,targetOne
0.024489,0.0024489,0,0.015117,0.005300171,764.2,76,1274,597.3001851,targetOne
0.109559,0.0109559,0,0.106599,0.035415036,961,77,1274,519.361146,targetOne
0.123708,0.0123708,0,0.067155,0.021789513,693.9,75,1274,602.3667119,targetOne
0.047581,0.0047581,0,0.04226,0.013883149,886.1,77,1274,563.7496391,targetOne
0.01988,0.001988,0,0.007738,0.002715552,611.4,77,1292,553.1112406,targetOne
0.006911,0.0006911,0,0.003506,0.001091984,372.8,77,1274,484.0433406,targetOne
0.007982,0.0007982,0,0.005245,0.001708192,738.2,76,1274,572.0391983,targetOne
0.000278,2.78E-05,0,7.40E-05,2.11E-05,1034.4,76,1274,505.1211516,targetOne
0.000905,9.05E-05,0,0.000675,0.000216911,1274,1274,1274,0,targetOne
0.048256,0.0048256,2.80E-05,0.031462,0.009907965,572.2,76,1274,547.9342621,targetOne
0.002508,0.0002508,0,0.002214,0.000728538,1154.6,80,1274,377.5759526,targetOne
0.007173,0.0007173,0,0.002663,0.000785167,519.2,77,1292,572.1038756,targetOne
0.004258,0.0004258,0,0.00141,0.000517244,641,119,1292,470.8415633,targetOne
0.003091,0.0003091,0,0.001046,0.000407419,347.3,75,1274,490.3660877,targetOne
0.003076,0.0003076,0,0.001062,0.000435947,355.5,69,1274,493.0707071,targetOne
0.014002,0.0014002,3.40E-05,0.00789,0.002566304,298.7,67,1288,384.1932529,targetOne
0.01572,0.001572,7.80E-05,0.00705,0.002494149,359.1,67,1274,491.2054221,targetOne
0.000933,9.33E-05,0,0.000706,0.000231171,1274,1274,1274,0,targetOne
0.001225,0.0001225,0,0.000319,0.00012763,1034.4,76,1274,505.1211516,targetOne
0.001364,0.0001364,0,0.001188,0.000390535,1074.2,76,1274,431.5351923,targetOne
0.034241,0.0034241,5.70E-05,0.023723,0.007560014,526.6,75,1274,575.7204569,targetOne
0.009562,0.0009562,0,0.007402,0.002393304,1018.8,76,1274,498.3494535,targetOne
0.000832,8.32E-05,0,0.00054,0.000169276,1154.2,76,1274,378.8408637,targetOne
0.001826,0.0001826,0,0.001054,0.000349937,1034.4,76,1274,505.1211516,targetOne
0.001402,0.0001402,0,0.001306,0.0004325,1154.2,76,1274,378.8408637,targetOne
0.000278,2.78E-05,0,0.000164,5.60E-05,1274,1274,1274,0,targetOne
0.00112,0.000112,0,0.000919,0.000299346,1154.2,76,1274,378.8408637,targetOne
0.000569,5.69E-05,0,0.000499,0.000165048,1274,1274,1274,0,targetOne
0.001157,0.0001157,0,0.000595,0.000206928,855,76,1274,567.6886862,targetOne
0.001263,0.0001263,0,0.000616,0.000222289,1045.4,76,1274,482.6280371,targetOne
0.026112,0.0026112,1.10E-05,0.010852,0.004093565,121.8,67,410,108.0563639,targetOne
0.026028,0.0026028,0,0.012406,0.004279038,686.8,67,1274,619.8250291,targetOne
0.000546,5.46E-05,0,0.000246,0.000102251,1154.2,76,1274,378.8408637,targetOne
0.055868,0.0055868,0,0.030301,0.010440647,583.4,77,1292,601.2716524,targetOne
0.013756,0.0013756,0,0.007663,0.002590898,484.7,71,1292,495.3862803,targetOne
0.010252,0.0010252,0,0.0042,0.001510212,806.8,76,1292,625.5429286,targetOne
0,0,0,0,0,1149.2,404,1292,311.0690527,targetOne
0.000388,3.88E-05,0,0.000169,4.86E-05,318.4,75,1292,513.132255,targetOne
0.002088,0.0002088,0,0.001732,0.000563531,926.9,75,1292,587.86685,targetOne
0.053769,0.0053769,3.10E-05,0.026078,0.010761805,743.6,67,1292,585.1642125,targetOne
0.006019,0.0006019,0,0.004951,0.001616147,882.2,70,1274,546.8166055,targetOne
0.11213,0.011213,0,0.08038,0.026096065,679.7,68,1274,626.5803221,targetOne
0.00998,0.000998,0,0.007929,0.002618319,1041.4,77,1292,435.9569805,targetOne
0.024609,0.0024609,1.90E-05,0.01158,0.003813075,645.1,77,1292,586.7078489,targetOne
0.04571,0.004571,0,0.026579,0.009783522,407.9,71,1288,519.2356455,targetOne
0.083299,0.0083299,0,0.028202,0.011813962,241.6,68,1292,375.4177525,targetOne
0.044752,0.0044752,0,0.025594,0.008316722,245.1,70,1288,381.2166051,targetOne
0.000696,6.96E-05,0,0.000464,0.000151007,1076.2,200,1292,453.6902517,targetOne
0.000277,2.77E-05,0,4.40E-05,1.41E-05,1170.3,75,1292,384.8491912,targetOne
0.000233,2.33E-05,0,7.60E-05,2.86E-05,1170.3,75,1292,384.8491912,targetOne
0.004184,0.0004184,0,0.002685,0.000923163,958.4,75,1292,543.9457081,targetOne
0.053492,0.0053492,0,0.025302,0.009661979,489.7,68,1274,551.7433079,targetOne
0.000328,3.28E-05,0,0.000112,4.51E-05,1274,1274,1274,0,targetOne
0.001404,0.0001404,0,0.001106,0.00035895,1034.4,76,1274,505.1211516,targetOne
0.000366,3.66E-05,0,0.00021,8.18E-05,1200.4,538,1274,232.7436358,targetOne
0.009671,0.0009671,0,0.00289,0.00109976,253.4,68,1178,332.7685883,targetOne
0.003346,0.0003346,0,0.001409,0.000486462,788,76,1274,545.72602,targetOne
0.002493,0.0002493,0,0.001456,0.000474072,1151.1,77,1274,377.5342369,targetOne
0.011171,0.0011171,0,0.009065,0.002949134,669.8,77,1274,557.473826,targetOne
0.000549,5.49E-05,0,0.000437,0.000145784,1184.4,378,1274,283.3400784,targetOne
0.000521,5.21E-05,0,0.000226,8.13E-05,1074.2,76,1274,431.5351923,targetOne
0.000198,1.98E-05,-4.00E-06,9.50E-05,3.57E-05,1103,76,1274,395.1002686,targetOne
0.00162,0.000162,0,0.000822,0.000293745,1034.4,76,1274,505.1211516,targetOne
0.121099,0.0121099,0,0.119107,0.039621727,919.3,76,1274,571.255547,targetOne
0.00214,0.000214,0,0.001304,0.000423994,1154.3,77,1274,378.5246359,targetOne
0.00033,3.30E-05,0,0.00019,6.20E-05,1274,1274,1274,0,targetOne
0.000882,8.82E-05,0,0.000686,0.000221857,1048.6,76,1274,476.3621871,targetOne
0.027876,0.0027876,0,0.025103,0.008271453,836.9,76,1274,552.7958132,targetOne
0.29295,0.029295,5.10E-05,0.230537,0.074748473,90.6,66,215,46.85011562,targetOne
0.040992,0.0040992,6.20E-05,0.019336,0.006243547,276.8,54,1060,319.8443371,targetOne
0.113002,0.0113002,0.000205,0.040333,0.016192379,378.2,54,1292,453.6464115,targetOne
0.006216,0.0006216,0,0.003431,0.001099205,427.6,77,1274,488.9983413,targetOne
0.001492,0.0001492,0,0.000444,0.000170061,574.8,76,1274,563.6556869,targetOne
0.028345,0.0028345,1.70E-05,0.022072,0.007145277,224.9,67,1127,326.2618069,targetOne
0.022399,0.0022399,0,0.013145,0.004158157,460,67,1274,566.3308809,targetOne
0.012698,0.0012698,0,0.005294,0.002013814,922.7,77,1274,515.9487593,targetOne
0.000464,4.64E-05,0,0.000261,8.36E-05,915,76,1274,578.045942,targetOne
0.003779,0.0003779,0,0.003459,0.001140965,794.8,76,1274,618.6445398,targetOne
0.005519,0.0005519,0,0.003825,0.001288293,1034.4,76,1274,505.1211516,targetOne
0.000913,9.13E-05,0,0.000577,0.000185633,794.8,76,1274,618.6445398,targetOne
0.000129,1.29E-05,0,4.20E-05,1.68E-05,914.6,76,1274,578.6889781,targetOne
0.003129,0.0003129,0,0.00114,0.000472808,641.7,76,1274,601.5332354,targetOne
0.001988,0.0001988,0,0.000858,0.000336508,795.3,76,1274,618.0007282,targetOne
0.001552,0.0001552,0,0.001381,0.000456723,1154.2,76,1274,378.8408637,targetOne
0.000596,5.96E-05,0,0.000219,7.08E-05,675,76,1274,631.4014395,targetOne
0.000183,1.83E-05,0,6.70E-05,2.28E-05,914.6,76,1274,578.6889781,targetOne
0.000821,8.21E-05,0,0.00055,0.000176665,794.8,76,1274,618.6445398,targetOne
0.001087,0.0001087,0,0.000862,0.000279015,914.6,76,1274,578.6889781,targetOne
0.002281,0.0002281,0,0.001988,0.000650881,795.3,76,1274,618.0007282,targetOne
0.001591,0.0001591,0,0.001317,0.000432142,1034.4,76,1274,505.1211516,targetOne
0.00254,0.000254,0,0.000966,0.00040407,1154.2,76,1274,378.8408637,targetOne
0.000309,3.09E-05,0,0.000145,5.50E-05,1274,1274,1274,0,targetOne
0.00032,3.20E-05,0,8.30E-05,3.09E-05,1034.4,76,1274,505.1211516,targetOne
0.002884,0.0002884,0,0.001797,0.000625276,1154.2,76,1274,378.8408637,targetOne
0.000121,1.21E-05,0,0.000121,4.03E-05,1274,1274,1274,0,targetOne
0,0,0,0,0,1274,1274,1274,0,targetOne
0.000786,7.86E-05,0,0.000273,0.000105509,914.9,77,1274,578.2059322,targetOne
0.001909,0.0001909,0,0.001525,0.00049688,1154.4,78,1274,378.2084082,targetOne
0,0,0,0,0,1274,1274,1274,0,targetOne
0.00017,1.70E-05,0,0.00017,5.67E-05,1154.3,77,1274,378.5246359,targetOne
0.001469,0.0001469,0,0.000957,0.00030995,1034.6,77,1274,504.6995146,targetOne
0.001222,0.0001222,0,0.000501,0.000207697,975.6,77,1274,506.3868087,targetOne
0.049576,0.0049576,3.00E-05,0.026183,0.009596319,348.9,67,1274,493.0135112,targetOne
0.01668,0.001668,0,0.009362,0.00326198,688.9,67,1274,617.6569436,targetOne
0.003133,0.0003133,0,0.001587,0.000620676,1154.3,77,1274,378.5246359,targetOne
0.000263,2.63E-05,0,7.10E-05,2.84E-05,1154.2,76,1274,378.8408637,targetOne
0.000283,2.83E-05,0,0.000106,3.30E-05,1154.2,76,1274,378.8408637,targetOne
0.000391,3.91E-05,0,0.000109,3.77E-05,1154.2,76,1274,378.8408637,targetOne
0.001403,0.0001403,0,0.000827,0.000284977,1154.2,76,1274,378.8408637,targetOne
0.000283,2.83E-05,0,9.00E-05,3.93E-05,1274,1274,1274,0,targetOne
0.103946,0.0103946,0,0.039531,0.016192409,162.7,76,506,145.2132914,targetOne
0.03501,0.003501,5.10E-05,0.019492,0.006211975,370.9,54,1292,507.8953195,targetOne
0.014538,0.0014538,2.00E-05,0.00585,0.001946043,514.7,60,1292,543.9260673,targetOne
0.007506,0.0007506,0,0.004533,0.001454014,818.2,80,1274,589.7809009,targetOne
0.000825,8.25E-05,0,0.000672,0.000218338,1154.2,76,1274,378.8408637,targetOne
0.000425,4.25E-05,0,0.000183,6.32E-05,1154.2,76,1274,378.8408637,targetOne
0.000164,1.64E-05,0,5.00E-05,2.02E-05,1154.2,76,1274,378.8408637,targetOne
0.001263,0.0001263,0,0.001123,0.000368816,1274,1274,1274,0,targetOne
0.000265,2.65E-05,0,8.50E-05,3.15E-05,1154.2,76,1274,378.8408637,targetOne
0.001702,0.0001702,0,0.000944,0.000346236,968.6,76,1288,515.1533105,targetOne
0.0015,0.00015,0,0.001236,0.000401728,1037,77,1274,499.6718923,targetOne
0,0,0,0,0,1274,1274,1274,0,targetOne
0.000217,2.17E-05,0,0.000151,5.24E-05,1034.6,77,1274,504.6995146,targetOne
0.000285,2.85E-05,0,8.30E-05,3.61E-05,1154.3,77,1274,378.5246359,targetOne
0.000214,2.14E-05,0,7.40E-05,2.86E-05,1154.3,77,1274,378.5246359,targetOne
0.006977,0.0006977,0,0.002165,0.000919357,364.9,77,1286,495.4182184,targetOne
0.034207,0.0034207,4.50E-05,0.014271,0.00447525,245.8,54,1285,373.0343446,targetOne
0.004106,0.0004106,7.30E-05,0.003073,0.000982116,416.6,80,571,125.4929834,targetOne
0.013028,0.0013028,7.00E-05,0.005869,0.001964924,181.8,60,443,152.0181276,targetOne
0.00219,0.000219,0,0.001052,0.000360391,1034.9,77,1274,504.067555,targetOne
0.001502,0.0001502,0,0.000982,0.000323038,912.5,54,1274,582.1025587,targetOne
0.014151,0.0014151,4.00E-05,0.005811,0.00197599,526.6,77,1287,522.1664698,targetOne
0.018029,0.0018029,3.40E-05,0.005844,0.002030208,162.7,54,634,201.208046,targetOne
0.009149,0.0009149,0,0.007184,0.002340219,108.2,54,224,55.92614177,targetOne
0.009943,0.0009943,0,0.006241,0.00202204,600.8,77,1292,597.4155077,targetOne
0.000191,1.91E-05,1.60E-05,5.20E-05,1.17E-05,1103.6,344,1292,397.1921449,targetOne
0.004881,0.0004881,3.80E-05,0.003033,0.000942799,308,90,379,80.79603951,targetOne
0.02571,0.002571,5.60E-05,0.015025,0.005040287,76.2,54,116,20.81559245,targetOne
0.021167,0.0021167,0,0.012063,0.004061675,123.7,54,383,98.75902209,targetOne
0.020994,0.0020994,1.80E-05,0.011284,0.003602893,103.5,54,288,68.04777733,targetOne
0.004438,0.0004438,2.30E-05,0.001778,0.000552806,172.3,54,725,202.836579,targetOne
0.016262,0.0016262,3.40E-05,0.011527,0.003694145,78.3,54,99,17.34646938,targetOne
0.028518,0.0028518,6.50E-05,0.016116,0.005125604,77.5,54,99,16.82095254,targetOne
0.037633,0.0037633,2.90E-05,0.018868,0.006524817,82.4,54,99,20.1395134,targetOne
0.023692,0.0023692,9.30E-05,0.011879,0.003784528,179.7,60,630,203.3628667,targetOne
0.144985,0.0144985,6.20E-05,0.09689,0.031340308,430.6,60,1288,578.3774623,targetOne
0.001326,0.0001326,0,0.001093,0.000358739,1170.6,78,1292,383.9005079,targetOne
0.118389,0.0118389,0,0.037826,0.015456003,379.4,68,1292,490.3047125,targetOne
0.431507,0.0431507,0,0.357299,0.11646391,217.9,73,1292,379.8044672,targetOne
0.010287,0.0010287,0,0.008679,0.002831768,444.9,67,1292,506.6193947,targetOne
0.104856,0.0104856,0,0.072596,0.024323143,760.2,75,1292,593.80427,targetOne
0.001108,0.0001108,0,0.000979,0.000321569,814.7,75,1292,615.7947079,targetOne
0.000849,8.49E-05,0,0.000535,0.000168736,805.2,75,1292,628.4560976,targetOne
0.001671,0.0001671,0,0.001174,0.00038586,805.2,75,1292,628.4560976,targetOne
0.001396,0.0001396,0,0.00092,0.000305153,926.9,75,1292,587.86685,targetOne
0.000646,6.46E-05,0,0.000486,0.000157826,889.1,75,1292,571.3373104,targetOne
0.124566,0.0124566,4.80E-05,0.098559,0.031905696,352,67,1292,499.559139,targetOne
0.032146,0.0032146,7.30E-05,0.023323,0.007516499,269.5,71,1096,372.5143547,targetOne
0.001036,0.0001036,0,0.000717,0.000230212,926.7,75,1292,587.2703428,targetOne
0.001138,0.0001138,0,0.000837,0.000268717,875.4,75,1292,561.9842228,targetOne
0.119055,0.0119055,3.30E-05,0.087149,0.028666699,189.7,67,709,234.2387434,targetOne
0.000149,1.49E-05,1.40E-05,2.40E-05,2.92E-06,1291.4,1286,1292,1.897366596,targetOne
0.952406,0.0952406,8.60E-05,0.877626,0.289583787,314.9,76,1226,449.6241517,targetOne
0.067995,0.0067995,1.70E-05,0.042212,0.01435827,643,77,1292,582.4828085,targetOne
1.079331,0.1079331,0.00011,0.781614,0.253008104,120,54,369,94.63497122,targetOne
0.250213,0.0250213,0,0.24127,0.080074635,123.5,54,671,192.644895,targetOne
0.003608,0.0003608,0,0.001364,0.000434789,444.4,69,1292,507.7887137,targetOne
0.002551,0.0002551,0.000109,0.000752,0.000245121,268.8,169,872,212.5991533,targetOne
0.004951,0.0004951,0,0.003378,0.001084789,517,75,1292,495.2447207,targetOne
0.001001,0.0001001,0,0.000252,9.20E-05,80.4,69,120,17.6899218,targetOne
0.001769,0.0001769,0,0.000555,0.000187204,476.1,69,1292,573.5880151,targetOne
0.000238,2.38E-05,0,8.10E-05,3.31E-05,1048.8,75,1292,512.7108347,targetOne
0.003146,0.0003146,-1.00E-06,0.001846,0.000640723,573.8,67,1292,618.5637127,targetOne
0.001911,0.0001911,0,0.001642,0.000536637,805.4,75,1292,628.1981641,targetOne
0.003206,0.0003206,0,0.002883,0.000947882,813.9,75,1292,617.7351914,targetOne
0.000397,3.97E-05,0,0.000144,4.28E-05,926.9,75,1292,587.86685,targetOne
0.000218,2.18E-05,0,9.50E-05,3.05E-05,691.3,67,1292,632.9042494,targetOne
0.001435,0.0001435,0,0.000982,0.000314997,696.9,67,1292,628.7126971,targetOne
0.000218,2.18E-05,0,5.50E-05,2.23E-05,805.2,75,1292,628.4560976,targetOne
0.000391,3.91E-05,0,0.00015,4.64E-05,805.1,75,1292,627.7263116,targetOne
0.002317,0.0002317,0,0.001832,0.000596812,1048.6,75,1292,513.132255,targetOne
0.000933,9.33E-05,0,0.000644,0.000206089,805.2,75,1292,628.4560976,targetOne
0.000751,7.51E-05,0,0.000609,0.000198939,927.3,75,1292,587.223798,targetOne
0.001172,0.0001172,0,0.001047,0.000344401,1048.6,75,1292,513.132255,targetOne
0.003939,0.0003939,0,0.00286,0.000923739,617.2,75,1292,604.7463748,targetOne
0.001221,0.0001221,0,0.000947,0.000306391,1170.3,75,1292,384.8491912,targetOne
0.000318,3.18E-05,0,8.40E-05,4.13E-05,1170.3,75,1292,384.8491912,targetOne
0.002778,0.0002778,0,0.002391,0.000781959,1170.8,80,1292,383.2680524,targetOne
0.000209,2.09E-05,0,0.000173,5.74E-05,1292,1292,1292,0,targetOne
0,0,0,0,0,1225.1,627,1292,210.1546785,targetOne
0,0,0,0,0,1279.2,1171,1292,38.08119979,targetOne
0.000249,2.49E-05,0,0.000174,6.02E-05,922.5,75,1292,516.1929549,targetOne
0.00066,6.60E-05,0,0.000281,8.78E-05,682.9,67,1292,641.2128179,targetOne
0.000937,9.37E-05,0,0.000688,0.000222226,1048.8,75,1292,512.7108347,targetOne
0.002903,0.0002903,0,0.001378,0.000448143,1048.7,75,1292,512.9214906,targetOne
0.000311,3.11E-05,0,8.10E-05,3.10E-05,1120.4,75,1292,398.4325399,targetOne
0.00082,8.20E-05,0,0.000493,0.00015457,1170.3,75,1292,384.8491912,targetOne
0.000293,2.93E-05,0,8.10E-05,3.88E-05,1292,1292,1292,0,targetOne
0.001769,0.0001769,0,0.000893,0.000299817,950.6,67,1292,553.871064,targetOne
0.001036,0.0001036,0,0.000473,0.000165075,1170.6,78,1292,383.9005079,targetOne
0.137777,0.0137777,1.70E-05,0.102595,0.033078155,111.5,67,242,67.82534761,targetOne
3.595206,0.3595206,0.003444,0.515068,0.218500996,60,60,60,0,targetTwo
4.62403,0.462403,0.504956,0.525544,0.005812991,60,60,60,0,targetTwo
2.778657,0.2778657,0.000284,0.673659,0.285203707,60,60,60,0,targetTwo
4.738369,0.4738369,0.448052,0.598104,0.049065123,60,60,60,0,targetTwo
3.940955,0.3940955,0.024735,0.795293,0.249160531,60,60,60,0,targetTwo
5.258854,0.5258854,0.503849,1.05299,0.177667509,60,60,60,0,targetTwo
3.736151,0.3736151,0.019759,0.596452,0.225340184,60,60,60,0,targetTwo
4.18504,0.418504,0.005524,0.55742,0.173455417,60,60,60,0,targetTwo
3.67801,0.367801,0.006484,0.583961,0.224809144,60,60,60,0,targetTwo
3.092892,0.3092892,0.005009,0.522093,0.252054473,60,60,60,0,targetTwo
4.192439,0.4192439,0.034393,0.554251,0.163135299,60,60,60,0,targetTwo
4.552286,0.4552286,0.010783,0.949485,0.235374218,60,60,60,0,targetTwo
4.422521,0.4422521,0.006925,0.643146,0.186858073,60,60,60,0,targetTwo
3.8856,0.38856,0.003234,0.67486,0.247666029,60,60,60,0,targetTwo
4.807079,0.4807079,0.000396,0.916076,0.245440603,60,60,60,0,targetTwo
4.530957,0.4530957,0.020134,0.630976,0.18489676,60,60,60,0,targetTwo
3.133768,0.3133768,0.002477,0.567495,0.25839318,60,60,60,0,targetTwo
3.814712,0.3814712,0.006203,0.653341,0.241701571,60,60,60,0,targetTwo
3.639643,0.3639643,0.00866,0.54476,0.222433418,60,60,60,0,targetTwo
4.456483,0.4456483,0.005093,0.687902,0.191435937,60,60,60,0,targetTwo
3.812713,0.3812713,0.013693,0.591016,0.234504398,60,60,60,0,targetTwo
2.621054,0.2621054,0.002452,0.552861,0.271374647,60,60,60,0,targetTwo
3.619529,0.3619529,0.009401,0.593902,0.226163997,60,60,60,0,targetTwo
3.679168,0.3679168,0.004031,0.566957,0.22287775,60,60,60,0,targetTwo
4.192201,0.4192201,0.013928,0.55772,0.170573793,60,60,60,0,targetTwo
3.732634,0.3732634,0.007303,0.620026,0.229900789,60,60,60,0,targetTwo
2.56095,0.256095,0.003291,0.507957,0.259835929,60,60,60,0,targetTwo
3.209578,0.3209578,0.00345,0.584789,0.259793356,60,60,60,0,targetTwo
2.579647,0.2579647,0.00583,0.511536,0.261572118,60,60,60,0,targetTwo
3.098403,0.3098403,0.006476,0.520259,0.247055476,60,60,60,0,targetTwo
2.57828,0.257828,0.003481,0.510489,0.260319534,60,60,60,0,targetTwo
3.268891,0.3268891,0.003036,0.597483,0.241859548,60,60,60,0,targetTwo
3.60248,0.360248,0.007683,0.532124,0.221934733,60,60,60,0,targetTwo
3.182555,0.3182555,0.003692,0.588628,0.257324705,60,60,60,0,targetTwo
3.390364,0.3390364,0.004594,0.73622,0.279359377,60,60,60,0,targetTwo
3.615604,0.3615604,0.002095,0.551172,0.22601173,60,60,60,0,targetTwo
4.386106,0.4386106,0.010193,0.651269,0.184581349,60,60,60,0,targetTwo
3.725205,0.3725205,0.004472,0.590708,0.226709978,60,60,60,0,targetTwo
3.590844,0.3590844,0.011923,0.518574,0.218430798,60,60,60,0,targetTwo
4.671118,0.4671118,0.49625,0.557784,0.021501979,60,60,60,0,targetTwo
3.070976,0.3070976,0.006521,0.515001,0.249521765,60,60,60,0,targetTwo
3.62364,0.362364,0.003708,0.52939,0.2202809,60,60,60,0,targetTwo
4.218629,0.4218629,0.025069,0.571481,0.167700274,60,60,60,0,targetTwo
4.469142,0.4469142,0.016904,0.702671,0.190010723,60,60,60,0,targetTwo
3.743082,0.3743082,0.000285,0.579826,0.235417546,60,60,60,0,targetTwo
4.435259,0.4435259,0.005986,0.691868,0.190848694,60,60,60,0,targetTwo
3.120218,0.3120218,0.006893,0.53621,0.2498324,60,60,60,0,targetTwo
4.150552,0.4150552,0.005599,0.57018,0.172781688,60,60,60,0,targetTwo
2.556105,0.2556105,0.003744,0.507517,0.262410927,60,60,60,0,targetTwo
3.078187,0.3078187,0.00827,0.512881,0.247284134,60,60,60,0,targetTwo
2.066537,0.2066537,0.0063,0.513881,0.263505109,60,60,60,0,targetTwo
3.586729,0.3586729,0.006644,0.530155,0.221573746,60,60,60,0,targetTwo
3.738837,0.3738837,0.005109,0.58332,0.232156502,60,60,60,0,targetTwo
4.40858,0.440858,0.004667,0.702519,0.192267624,60,60,60,0,targetTwo
4.8617,0.48617,0.492379,0.615201,0.04505233,60,60,60,0,targetTwo
3.115268,0.3115268,0.005209,0.538576,0.251344186,60,60,60,0,targetTwo
4.367301,0.4367301,0.003494,0.589161,0.182814329,60,60,60,0,targetTwo
3.866295,0.3866295,0.007321,0.6331,0.244282416,60,60,60,0,targetTwo
4.297504,0.4297504,0.010102,0.57991,0.177050671,60,60,60,0,targetTwo
3.73902,0.373902,0.008931,0.573009,0.23022386,60,60,60,0,targetTwo
5.135075,0.5135075,0.484231,0.744025,0.091746583,60,60,60,0,targetTwo
3.078305,0.3078305,0.007728,0.51434,0.248145269,60,60,60,0,targetTwo
3.683798,0.3683798,0.008916,0.569673,0.223860429,60,60,60,0,targetTwo
3.082052,0.3082052,0.005912,0.519922,0.251050285,60,60,60,0,targetTwo
3.625946,0.3625946,0.008608,0.54293,0.223433774,60,60,60,0,targetTwo
4.445274,0.4445274,0.007484,0.635428,0.187031712,60,60,60,0,targetTwo
4.964974,0.4964974,0.505905,0.635267,0.040068123,60,60,60,0,targetTwo
3.10646,0.310646,0.004306,0.526874,0.24734902,60,60,60,0,targetTwo
3.108889,0.3108889,0.007661,0.535445,0.251999417,60,60,60,0,targetTwo
3.070227,0.3070227,0.007174,0.519142,0.249642315,60,60,60,0,targetTwo
3.062609,0.3062609,0.004627,0.510641,0.250240726,60,60,60,0,targetTwo
3.240996,0.3240996,0.007527,0.621615,0.258140721,60,60,60,0,targetTwo
4.34756,0.434756,0.014037,0.591072,0.178214737,60,60,60,0,targetTwo
5.56462,0.556462,0.006259,1.865003,0.501673194,60,60,60,0,targetTwo
5.037291,0.5037291,0.502542,0.619812,0.035539949,60,60,60,0,targetTwo
4.070621,0.4070621,0.022544,0.968117,0.285511394,60,60,60,0,targetTwo
2.568886,0.2568886,0.002414,0.51353,0.266551486,60,60,60,0,targetTwo
2.570268,0.2570268,0.006641,0.514014,0.262869034,60,60,60,0,targetTwo
3.11234,0.311234,0.003524,0.532085,0.256216265,60,60,60,0,targetTwo
3.654931,0.3654931,0.006829,0.56037,0.221532347,60,60,60,0,targetTwo
4.770804,0.4770804,0.493565,0.591979,0.028295356,60,60,60,0,targetTwo
3.368888,0.3368888,0.005694,0.657241,0.2827708,60,60,60,0,targetTwo
4.335746,0.4335746,0.026153,0.611951,0.173825348,60,60,60,0,targetTwo
4.342627,0.4342627,0.022365,0.585865,0.175051683,60,60,60,0,targetTwo
3.639789,0.3639789,0.001825,0.575544,0.227777509,60,60,60,0,targetTwo
3.205455,0.3205455,0.007866,0.567029,0.255782479,60,60,60,0,targetTwo
2.599116,0.2599116,0.004694,0.535249,0.265293562,60,60,60,0,targetTwo
4.741194,0.4741194,0.503177,0.618103,0.039919904,60,60,60,0,targetTwo
3.625479,0.3625479,0.008799,0.539707,0.222326724,60,60,60,0,targetTwo
4.130153,0.4130153,0.004542,0.532966,0.170800948,60,60,60,0,targetTwo
2.605275,0.2605275,0.008131,0.527813,0.263609437,60,60,60,0,targetTwo
3.06655,0.306655,0.003641,0.509284,0.248113294,60,60,60,0,targetTwo
3.710619,0.3710619,0.020485,0.563456,0.222703586,60,60,60,0,targetTwo
2.590685,0.2590685,0.00383,0.542197,0.268371269,60,60,60,0,targetTwo
2.570311,0.2570311,0.002642,0.51516,0.264059594,60,60,60,0,targetTwo
3.553857,0.3553857,0.00317,0.851602,0.31121126,60,60,60,0,targetTwo
3.079759,0.3079759,0.003846,0.516022,0.251330226,60,60,60,0,targetTwo
2.568543,0.2568543,0.003337,0.512611,0.265209766,60,60,60,0,targetTwo
3.170091,0.3170091,0.018447,0.558798,0.247346236,60,60,60,0,targetTwo
3.649037,0.3649037,0.016212,0.528702,0.219689441,60,60,60,0,targetTwo
3.84956,0.384956,0.012287,0.788771,0.252570733,60,60,60,0,targetTwo
2.562067,0.2562067,0.00441,0.510996,0.263065706,60,60,60,0,targetTwo
2.567202,0.2567202,0.003803,0.510526,0.262374081,60,60,60,0,targetTwo
3.663785,0.3663785,0.005537,0.543536,0.224571644,60,60,60,0,targetTwo
4.349673,0.4349673,0.007583,0.605603,0.181268675,60,60,60,0,targetTwo
2.700911,0.2700911,0.004684,0.512361,0.249642374,60,60,60,0,targetTwo
4.218274,0.4218274,0.02473,0.570753,0.16794951,60,60,60,0,targetTwo
3.778098,0.3778098,0.011679,0.586118,0.232360521,60,60,60,0,targetTwo
2.558771,0.2558771,0.002935,0.509386,0.263134999,60,60,60,0,targetTwo
3.620248,0.3620248,0.005333,0.52435,0.223053412,60,60,60,0,targetTwo
3.708715,0.3708715,0.003189,0.56883,0.231749943,60,60,60,0,targetTwo
3.072868,0.3072868,0.002935,0.516172,0.251498474,60,60,60,0,targetTwo
3.777239,0.3777239,0.014207,0.584028,0.222359781,60,60,60,0,targetTwo
4.268255,0.4268255,0.009192,0.615114,0.177499622,60,60,60,0,targetTwo
6.160716,0.6160716,0.476145,1.626951,0.366528883,60,60,60,0,targetTwo
4.078841,0.4078841,0.006127,0.525075,0.167780394,60,60,60,0,targetTwo
3.082429,0.3082429,0.007929,0.511249,0.247528087,60,60,60,0,targetTwo
2.629645,0.2629645,0.004204,0.529675,0.265134015,60,60,60,0,targetTwo
4.387303,0.4387303,0.014905,0.623911,0.181640164,60,60,60,0,targetTwo
3.998106,0.3998106,0.022001,0.771929,0.252340659,60,60,60,0,targetTwo
3.584642,0.3584642,0.004589,0.516843,0.221182274,60,60,60,0,targetTwo
3.102812,0.3102812,0.004108,0.51517,0.247926377,60,60,60,0,targetTwo
3.068503,0.3068503,0.003846,0.519905,0.250009427,60,60,60,0,targetTwo
3.596063,0.3596063,0.007768,0.523823,0.221960911,60,60,60,0,targetTwo
2.555218,0.2555218,0.002786,0.508335,0.263415864,60,60,60,0,targetTwo
3.071346,0.3071346,0.003881,0.513894,0.251572846,60,60,60,0,targetTwo
2.555592,0.2555592,0.005264,0.508234,0.262626905,60,60,60,0,targetTwo
3.09219,0.309219,0.00282,0.540776,0.253791509,60,60,60,0,targetTwo
3.149337,0.3149337,0.01386,0.525213,0.249988615,60,60,60,0,targetTwo
4.80055,0.480055,0.006042,1.694462,0.488317158,60,60,60,0,targetTwo
4.641151,0.4641151,0.480391,0.559253,0.02606767,60,60,60,0,targetTwo
3.126611,0.3126611,0.002899,0.523815,0.247462524,60,60,60,0,targetTwo
3.71692,0.371692,0.002233,0.565644,0.232391116,60,60,60,0,targetTwo
3.136021,0.3136021,0.008535,0.530018,0.250867275,60,60,60,0,targetTwo
3.113321,0.3113321,0.004551,0.523649,0.250337739,60,60,60,0,targetTwo
3.101495,0.3101495,0.003855,0.529896,0.253151906,60,60,60,0,targetTwo
4.295096,0.4295096,0.051625,0.593644,0.163463909,60,60,60,0,targetTwo
3.102658,0.3102658,0.005094,0.535551,0.252909276,60,60,60,0,targetTwo
3.205168,0.3205168,0.004926,0.571892,0.261224914,60,60,60,0,targetTwo
4.224197,0.4224197,0.012082,0.569404,0.172509735,60,60,60,0,targetTwo
3.14141,0.314141,0.004127,0.565262,0.257735382,60,60,60,0,targetTwo
3.692688,0.3692688,0.011535,0.566034,0.22527946,60,60,60,0,targetTwo
4.434058,0.4434058,0.008623,0.585553,0.183501237,60,60,60,0,targetTwo
3.701523,0.3701523,0.008087,0.568283,0.225227229,60,60,60,0,targetTwo
4.394428,0.4394428,0.010207,0.611387,0.183654113,60,60,60,0,targetTwo
4.526859,0.4526859,0.01128,0.648832,0.190363598,60,60,60,0,targetTwo
4.296521,0.4296521,0.019007,0.706767,0.184072958,60,60,60,0,targetTwo
2.609484,0.2609484,0.006224,0.524802,0.260393088,60,60,60,0,targetTwo
4.379599,0.4379599,0.027684,0.591608,0.174785578,60,60,60,0,targetTwo
4.158492,0.4158492,0.004309,0.551071,0.172356944,60,60,60,0,targetTwo
3.755041,0.3755041,0.004478,0.649464,0.233201275,60,60,60,0,targetTwo
3.036874,0.3036874,0.002633,0.523954,0.243806578,60,60,60,0,targetTwo
4.614558,0.4614558,0.004202,1.167899,0.362510019,60,60,60,0,targetTwo
3.74972,0.374972,0.006204,0.619916,0.23523232,60,60,60,0,targetTwo
4.161394,0.4161394,0.003281,0.578349,0.173605049,60,60,60,0,targetTwo
3.804575,0.3804575,0.013202,0.59494,0.232859582,60,60,60,0,targetTwo
3.681922,0.3681922,0.004032,0.565846,0.229677693,60,60,60,0,targetTwo
4.087631,0.4087631,0.006053,0.518958,0.168106564,60,60,60,0,targetTwo
3.611942,0.3611942,0.005385,0.543357,0.224664383,60,60,60,0,targetTwo
3.070753,0.3070753,0.007389,0.510294,0.247382159,60,60,60,0,targetTwo
3.05801,0.305801,0.005675,0.51273,0.249745074,60,60,60,0,targetTwo
3.083386,0.3083386,0.005649,0.524644,0.251463652,60,60,60,0,targetTwo
2.071281,0.2071281,0.000279,0.513619,0.262155992,60,60,60,0,targetTwo
3.085919,0.3085919,0.00745,0.518616,0.248224344,60,60,60,0,targetTwo
3.773449,0.3773449,0.005563,0.620228,0.230353282,60,60,60,0,targetTwo
3.634018,0.3634018,0.007051,0.528769,0.220212636,60,60,60,0,targetTwo
3.071786,0.3071786,0.00417,0.509789,0.248531259,60,60,60,0,targetTwo
2.559312,0.2559312,0.004694,0.509736,0.263354015,60,60,60,0,targetTwo
3.580887,0.3580887,0.007851,0.521953,0.221002744,60,60,60,0,targetTwo
3.086904,0.3086904,0.002027,0.529179,0.253841763,60,60,60,0,targetTwo
4.41808,0.441808,0.008164,0.65729,0.188771331,60,60,60,0,targetTwo
2.055071,0.2055071,0.005252,0.504659,0.261851002,60,60,60,0,targetTwo
2.550676,0.2550676,0.00544,0.506128,0.262410725,60,60,60,0,targetTwo
3.07285,0.307285,0.004267,0.521819,0.251761281,60,60,60,0,targetTwo
4.361049,0.4361049,0.197486,0.568022,0.111000379,60,60,60,0,targetTwo
3.737459,0.3737459,0.013826,0.557297,0.227156724,60,60,60,0,targetTwo
3.761929,0.3761929,0.00664,0.57674,0.230125813,60,60,60,0,targetTwo
3.780782,0.3780782,0.015356,0.604395,0.230825838,60,60,60,0,targetTwo
4.176032,0.4176032,0.007993,0.565037,0.172568091,60,60,60,0,targetTwo
4.437226,0.4437226,0.008278,0.798021,0.204847224,60,60,60,0,targetTwo
3.736146,0.3736146,0.009128,0.809259,0.324127411,60,60,60,0,targetTwo
3.602797,0.3602797,0.006078,0.535589,0.21850044,60,60,60,0,targetTwo
2.561002,0.2561002,0.004253,0.509442,0.263316556,60,60,60,0,targetTwo
3.776482,0.3776482,0.011972,0.584281,0.232321226,60,60,60,0,targetTwo
3.647889,0.3647889,0.008026,0.551457,0.225455037,60,60,60,0,targetTwo
4.302528,0.4302528,0.004317,0.603723,0.182541152,60,60,60,0,targetTwo
4.481689,0.4481689,0.004942,0.773148,0.210291924,60,60,60,0,targetTwo
2.569315,0.2569315,0.004548,0.513172,0.263287229,60,60,60,0,targetTwo
2.563524,0.2563524,0.006029,0.512303,0.263238463,60,60,60,0,targetTwo
2.55435,0.255435,0.003362,0.510467,0.264836326,60,60,60,0,targetTwo
4.54314,0.454314,0.006884,0.893262,0.224468521,60,60,60,0,targetTwo
3.650513,0.3650513,0.012626,0.54089,0.222331054,60,60,60,0,targetTwo
3.720148,0.3720148,0.005972,0.574232,0.226522037,60,60,60,0,targetTwo
4.915499,0.4915499,0.500686,0.79086,0.092540181,60,60,60,0,targetTwo
4.381116,0.4381116,0.012273,0.603766,0.180910366,60,60,60,0,targetTwo
2.599715,0.2599715,0.006454,0.531079,0.265911119,60,60,60,0,targetTwo
3.202303,0.3202303,0.005954,0.566281,0.257956305,60,60,60,0,targetTwo
4.293178,0.4293178,0.017538,0.594617,0.17430204,60,60,60,0,targetTwo
3.212586,0.3212586,0.001872,0.572556,0.258992428,60,60,60,0,targetTwo
3.853516,0.3853516,0.007548,0.699046,0.244907398,60,60,60,0,targetTwo
4.386039,0.4386039,0.012426,0.670037,0.186520419,60,60,60,0,targetTwo
3.70923,0.370923,0.011132,0.591485,0.228162126,60,60,60,0,targetTwo
3.15031,0.315031,0.002334,0.542315,0.25564,60,60,60,0,targetTwo
4.292193,0.4292193,0.01375,0.625085,0.178775437,60,60,60,0,targetTwo
3.685898,0.3685898,0.007438,0.571797,0.224042467,60,60,60,0,targetTwo
3.64034,0.364034,0.020659,0.528413,0.215774124,60,60,60,0,targetTwo
2.563944,0.2563944,0.002827,0.510262,0.263211428,60,60,60,0,targetTwo
3.429774,0.3429774,0.004222,0.870477,0.302704661,60,60,60,0,targetTwo
3.073217,0.3073217,0.007635,0.513936,0.249161288,60,60,60,0,targetTwo
3.129046,0.3129046,0.007515,0.545949,0.25515446,60,60,60,0,targetTwo
3.664363,0.3664363,0.004325,0.56025,0.227673272,60,60,60,0,targetTwo
3.071945,0.3071945,0.002592,0.511127,0.249015056,60,60,60,0,targetTwo
4.794585,0.4794585,0.500293,0.592838,0.032989741,60,60,60,0,targetTwo
3.64531,0.364531,0.004418,0.535606,0.226420142,60,60,60,0,targetTwo
3.687479,0.3687479,0.004005,0.560729,0.226202355,60,60,60,0,targetTwo
3.646708,0.3646708,0.024393,0.520783,0.21399751,60,60,60,0,targetTwo
2.069303,0.2069303,0.002043,0.525797,0.265160279,60,60,60,0,targetTwo
3.202706,0.3202706,0.014245,0.557263,0.249978849,60,60,60,0,targetTwo
6.755094,0.6755094,0.512819,1.71123,0.376275129,60,60,60,0,targetTwo
5.446994,0.5446994,0.017229,1.308544,0.349676242,60,60,60,0,targetTwo
3.611073,0.3611073,0.011125,0.523116,0.218797847,60,60,60,0,targetTwo
4.247064,0.4247064,0.019475,0.596732,0.172423063,60,60,60,0,targetTwo
3.811671,0.3811671,0.003869,0.639601,0.24074498,60,60,60,0,targetTwo
3.675384,0.3675384,0.002948,0.574435,0.230171478,60,60,60,0,targetTwo
3.292581,0.3292581,0.00585,0.731517,0.278224948,60,60,60,0,targetTwo
4.875597,0.4875597,0.011782,0.884934,0.236943128,60,60,60,0,targetTwo
4.407996,0.4407996,0.010673,0.652231,0.185125325,60,60,60,0,targetTwo
3.171489,0.3171489,0.007092,0.56407,0.256047121,60,60,60,0,targetTwo
2.559674,0.2559674,0.005852,0.508806,0.262678466,60,60,60,0,targetTwo
3.06451,0.306451,0.006366,0.513731,0.249681051,60,60,60,0,targetTwo
2.619794,0.2619794,0.002702,0.564425,0.270002626,60,60,60,0,targetTwo
3.235098,0.3235098,0.009093,0.599039,0.263861925,60,60,60,0,targetTwo
3.636196,0.3636196,0.007681,0.534979,0.222720764,60,60,60,0,targetTwo
4.149146,0.4149146,0.003793,0.543048,0.171802356,60,60,60,0,targetTwo
4.079924,0.4079924,0.00974,0.828754,0.269380377,60,60,60,0,targetTwo
4.30556,0.430556,0.00485,0.573987,0.179133747,60,60,60,0,targetTwo
3.064629,0.3064629,0.002514,0.516712,0.250465354,60,60,60,0,targetTwo
3.819238,0.3819238,0.019844,0.590404,0.23083052,60,60,60,0,targetTwo
4.198434,0.4198434,0.005059,0.575262,0.174958596,60,60,60,0,targetTwo
3.665209,0.3665209,0.004699,0.550005,0.228430225,60,60,60,0,targetTwo
4.211891,0.4211891,0.002771,0.575383,0.175752685,60,60,60,0,targetTwo
3.765065,0.3765065,0.004869,0.641424,0.237536182,60,60,60,0,targetTwo
4.496152,0.4496152,0.023463,0.636683,0.185859794,60,60,60,0,targetTwo
2.568122,0.2568122,0.004105,0.515365,0.262922274,60,60,60,0,targetTwo
3.074668,0.3074668,0.00347,0.51725,0.249915423,60,60,60,0,targetTwo
3.180845,0.3180845,0.009916,0.577887,0.255054645,60,60,60,0,targetTwo
5.011878,0.5011878,0.508067,0.686625,0.056169615,60,60,60,0,targetTwo
4.125038,0.4125038,0.008835,0.531816,0.168802001,60,60,60,0,targetTwo
4.231864,0.4231864,0.012243,0.575166,0.173459836,60,60,60,0,targetTwo
4.798662,0.4798662,0.007856,0.866028,0.229449966,60,60,60,0,targetTwo
3.666576,0.3666576,0.010072,0.540174,0.225544257,60,60,60,0,targetTwo
3.099047,0.3099047,0.003392,0.551501,0.253979826,60,60,60,0,targetTwo
2.587054,0.2587054,0.004237,0.508032,0.259247565,60,60,60,0,targetTwo
3.67405,0.367405,0.004332,0.576074,0.228975692,60,60,60,0,targetTwo
3.095185,0.3095185,0.006753,0.534129,0.252479559,60,60,60,0,targetTwo
3.877887,0.3877887,0.008631,0.668412,0.243092453,60,60,60,0,targetTwo
5.342893,0.5342893,0.016608,1.435113,0.367199309,60,60,60,0,targetTwo
4.828799,0.4828799,0.006552,1.565097,0.451807277,60,60,60,0,targetTwo
3.803486,0.3803486,0.003885,0.702776,0.244585088,60,60,60,0,targetTwo
3.578535,0.3578535,0.002538,0.514762,0.2226506,60,60,60,0,targetTwo
4.433141,0.4433141,0.005202,0.675229,0.19062647,60,60,60,0,targetTwo
4.678192,0.4678192,0.043569,0.762539,0.197286521,60,60,60,0,targetTwo
4.89472,0.489472,0.006542,1.114897,0.279981505,60,60,60,0,targetTwo
3.617159,0.3617159,0.005406,0.524575,0.219416818,60,60,60,0,targetTwo
4.828745,0.4828745,0.504871,0.578588,0.027080009,60,60,60,0,targetTwo
4.574334,0.4574334,0.019291,0.816352,0.210204888,60,60,60,0,targetTwo
3.923067,0.3923067,0.007403,0.899258,0.276246739,60,60,60,0,targetTwo
4.894149,0.4894149,0.012725,1.702647,0.488613139,60,60,60,0,targetTwo
3.11696,0.311696,0.011579,0.531084,0.24667136,60,60,60,0,targetTwo
3.806677,0.3806677,0.010862,0.649966,0.237917647,60,60,60,0,targetTwo
4.972436,0.4972436,0.496678,0.656612,0.056844461,60,60,60,0,targetTwo
4.197395,0.4197395,0.016518,0.60254,0.1714909,60,60,60,0,targetTwo
4.232347,0.4232347,0.022591,0.559382,0.169072195,60,60,60,0,targetTwo
3.651998,0.3651998,0.004314,0.550423,0.22737621,60,60,60,0,targetTwo
3.083784,0.3083784,0.007405,0.518066,0.250026273,60,60,60,0,targetTwo
3.076101,0.3076101,0.003826,0.516222,0.25151503,60,60,60,0,targetTwo
2.574547,0.2574547,0.005553,0.509338,0.262201712,60,60,60,0,targetTwo
2.584547,0.2574542,0.005551,0.509332,0.262201718,60,60,60,0,targetTwo
1000,9.00E+03,6000,7000,8.00E+03,1000,2000,3000,4000,targetThree
1000,9.00E+03,6000,7000,8.00E+03,1000,2000,3000,4000,targetThree
1000,9.00E+03,6000,7000,8.00E+03,1000,2000,3000,4000,targetThree
1000,9.00E+03,6000,7000,8.00E+03,1000,2000,3000,4000,targetThree
1000,9.00E+03,6000,7000,8.00E+03,1000,2000,3000,4000,targetThree
1000,9.00E+03,6000,7000,8.00E+03,1000,2000,3000,4000,targetThree
1000,9.00E+03,6000,7000,8.00E+03,1000,2000,3000,4000,targetThree
1000,9.00E+03,6000,7000,8.00E+03,1000,2000,3000,4000,targetThree
1000,9.00E+03,6000,7000,8.00E+03,1000,2000,3000,4000,targetThree
1000,9.00E+03,6000,7000,8.00E+03,1000,2000,3000,4000,targetThree
1000,9.00E+03,6000,7000,8.00E+03,1000,2000,3000,4000,targetThree
1000,9.00E+03,6000,7000,8.00E+03,1000,2000,3000,4000,targetThree
1000,9.00E+03,6000,7000,8.00E+03,1000,2000,3000,4000,targetThree
1000,9.00E+03,6000,7000,8.00E+03,1000,2000,3000,4000,targetThree
1000,9.00E+03,6000,7000,8.00E+03,1000,2000,3000,4000,targetThree
1000,9.00E+03,6000,7000,8.00E+03,1000,2000,3000,4000,targetThree
1000,9.00E+03,6000,7000,8.00E+03,1000,2000,3000,4000,targetThree
1000,9.00E+03,6000,7000,8.00E+03,1000,2000,3000,4000,targetThree
1000,9.00E+03,6000,7000,8.00E+03,1000,2000,3000,4000,targetThree
1000,9.00E+03,6000,7000,8.00E+03,1000,2000,3000,4000,targetThree
1000,9.00E+03,6000,7000,8.00E+03,1000,2000,3000,4000,targetThree
1000,9.00E+03,6000,7000,8.00E+03,1000,2000,3000,4000,targetThree
1000,9.00E+03,6000,7000,8.00E+03,1000,2000,3000,4000,targetThree
1000,9.00E+03,6000,7000,8.00E+03,1000,2000,3000,4000,targetThree
1000,9.00E+03,6000,7000,8.00E+03,1000,2000,3000,4000,targetThree
1000,9.00E+03,6000,7000,8.00E+03,1000,2000,3000,4000,targetThree
1000,9.00E+03,6000,7000,8.00E+03,1000,2000,3000,4000,targetThree
1000,9.00E+03,6000,7000,8.00E+03,1000,2000,3000,4000,targetThree
1000,9.00E+03,6000,7000,8.00E+03,1000,2000,3000,4000,targetThree
1000,9.00E+03,6000,7000,8.00E+03,1000,2000,3000,4000,targetThree
1000,9.00E+03,6000,7000,8.00E+03,1000,2000,3000,4000,targetThree
1000,9.00E+03,6000,7000,8.00E+03,1000,2000,3000,4000,targetThree
1000,9.00E+03,6000,7000,8.00E+03,1000,2000,3000,4000,targetThree
1000,9.00E+03,6000,7000,8.00E+03,1000,2000,3000,4000,targetThree
1000,9.00E+03,6000,7000,8.00E+03,1000,2000,3000,4000,targetThree
1000,9.00E+03,6000,7000,8.00E+03,1000,2000,3000,4000,targetThree
1000,9.00E+03,6000,7000,8.00E+03,1000,2000,3000,4000,targetThree
1000,9.00E+03,6000,7000,8.00E+03,1000,2000,3000,4000,targetThree
1000,9.00E+03,6000,7000,8.00E+03,1000,2000,3000,4000,targetThree
1000,9.00E+03,6000,7000,8.00E+03,1000,2000,3000,4000,targetThree
1000,9.00E+03,6000,7000,8.00E+03,1000,2000,3000,4000,targetThree
1000,9.00E+03,6000,7000,8.00E+03,1000,2000,3000,4000,targetThree
1000,9.00E+03,6000,7000,8.00E+03,1000,2000,3000,4000,targetThree
1000,9.00E+03,6000,7000,8.00E+03,1000,2000,3000,4000,targetThree
1000,9.00E+03,6000,7000,8.00E+03,1000,2000,3000,4000,targetThree
1000,9.00E+03,6000,7000,8.00E+03,1000,2000,3000,4000,targetThree
1000,9.00E+03,6000,7000,8.00E+03,1000,2000,3000,4000,targetThree
1000,9.00E+03,6000,7000,8.00E+03,1000,2000,3000,4000,targetThree
1000,9.00E+03,6000,7000,8.00E+03,1000,2000,3000,4000,targetThree
1000,9.00E+03,6000,7000,8.00E+03,1000,2000,3000,4000,targetThree
1000,9.00E+03,6000,7000,8.00E+03,1000,2000,3000,4000,targetThree
1000,9.00E+03,6000,7000,8.00E+03,1000,2000,3000,4000,targetThree
1000,9.00E+03,6000,7000,8.00E+03,1000,2000,3000,4000,targetThree
1000,9.00E+03,6000,7000,8.00E+03,1000,2000,3000,4000,targetThree
1000,9.00E+03,6000,7000,8.00E+03,1000,2000,3000,4000,targetThree
1000,9.00E+03,6000,7000,8.00E+03,1000,2000,3000,4000,targetThree
1000,9.00E+03,6000,7000,8.00E+03,1000,2000,3000,4000,targetThree
1000,9.00E+03,6000,7000,8.00E+03,1000,2000,3000,4000,targetThree
1000,9.00E+03,6000,7000,8.00E+03,1000,2000,3000,4000,targetThree
1000,9.00E+03,6000,7000,8.00E+03,1000,2000,3000,4000,targetThree
1000,9.00E+03,6000,7000,8.00E+03,1000,2000,3000,4000,targetThree
1000,9.00E+03,6000,7000,8.00E+03,1000,2000,3000,4000,targetThree
1000,9.00E+03,6000,7000,8.00E+03,1000,2000,3000,4000,targetThree
1000,9.00E+03,6000,7000,8.00E+03,1000,2000,3000,4000,targetThree
1000,9.00E+03,6000,7000,8.00E+03,1000,2000,3000,4000,targetThree
1000,9.00E+03,6000,7000,8.00E+03,1000,2000,3000,4000,targetThree
1000,9.00E+03,6000,7000,8.00E+03,1000,2000,3000,4000,targetThree
1000,9.00E+03,6000,7000,8.00E+03,1000,2000,3000,4000,targetThree
1000,9.00E+03,6000,7000,8.00E+03,1000,2000,3000,4000,targetThree
1000,9.00E+03,6000,7000,8.00E+03,1000,2000,3000,4000,targetThree
1000,9.00E+03,6000,7000,8.00E+03,1000,2000,3000,4000,targetThree
1000,9.00E+03,6000,7000,8.00E+03,1000,2000,3000,4000,targetThree
1000,9.00E+03,6000,7000,8.00E+03,1000,2000,3000,4000,targetThree
1000,9.00E+03,6000,7000,8.00E+03,1000,2000,3000,4000,targetThree
1000,9.00E+03,6000,7000,8.00E+03,1000,2000,3000,4000,targetThree
1000,9.00E+03,6000,7000,8.00E+03,1000,2000,3000,4000,targetThree
1000,9.00E+03,6000,7000,8.00E+03,1000,2000,3000,4000,targetThree
1000,9.00E+03,6000,7000,8.00E+03,1000,2000,3000,4000,targetThree
1000,9.00E+03,6000,7000,8.00E+03,1000,2000,3000,4000,targetThree
1000,9.00E+03,6000,7000,8.00E+03,1000,2000,3000,4000,targetThree
1000,9.00E+03,6000,7000,8.00E+03,1000,2000,3000,4000,targetThree
1000,9.00E+03,6000,7000,8.00E+03,1000,2000,3000,4000,targetThree
1000,9.00E+03,6000,7000,8.00E+03,1000,2000,3000,4000,targetThree
1000,9.00E+03,6000,7000,8.00E+03,1000,2000,3000,4000,targetThree
1000,9.00E+03,6000,7000,8.00E+03,1000,2000,3000,4000,targetThree
1000,9.00E+03,6000,7000,8.00E+03,1000,2000,3000,4000,targetThree
1000,9.00E+03,6000,7000,8.00E+03,1000,2000,3000,4000,targetThree
1000,9.00E+03,6000,7000,8.00E+03,1000,2000,3000,4000,targetThree
1000,9.00E+03,6000,7000,8.00E+03,1000,2000,3000,4000,targetThree
1000,9.00E+03,6000,7000,8.00E+03,1000,2000,3000,4000,targetThree
1000,9.00E+03,6000,7000,8.00E+03,1000,2000,3000,4000,targetThree
1000,9.00E+03,6000,7000,8.00E+03,1000,2000,3000,4000,targetThree
1000,9.00E+03,6000,7000,8.00E+03,1000,2000,3000,4000,targetThree
1000,9.00E+03,6000,7000,8.00E+03,1000,2000,3000,4000,targetThree
1000,9.00E+03,6000,7000,8.00E+03,1000,2000,3000,4000,targetThree
1000,9.00E+03,6000,7000,8.00E+03,1000,2000,3000,4000,targetThree
1000,9.00E+03,6000,7000,8.00E+03,1000,2000,3000,4000,targetThree
1000,9.00E+03,6000,7000,8.00E+03,1000,2000,3000,4000,targetThree
1000,9.00E+03,6000,7000,8.00E+03,1000,2000,3000,4000,targetThree
1000,9.00E+03,6000,7000,8.00E+03,1000,2000,3000,4000,targetThree
1000,9.00E+03,6000,7000,8.00E+03,1000,2000,3000,4000,targetThree
1000,9.00E+03,6000,7000,8.00E+03,1000,2000,3000,4000,targetThree
1000,9.00E+03,6000,7000,8.00E+03,1000,2000,3000,4000,targetThree
1000,9.00E+03,6000,7000,8.00E+03,1000,2000,3000,4000,targetThree
1000,9.00E+03,6000,7000,8.00E+03,1000,2000,3000,4000,targetThree
1000,9.00E+03,6000,7000,8.00E+03,1000,2000,3000,4000,targetThree
1000,9.00E+03,6000,7000,8.00E+03,1000,2000,3000,4000,targetThree
1000,9.00E+03,6000,7000,8.00E+03,1000,2000,3000,4000,targetThree
1000,9.00E+03,6000,7000,8.00E+03,1000,2000,3000,4000,targetThree
1000,9.00E+03,6000,7000,8.00E+03,1000,2000,3000,4000,targetThree
1000,9.00E+03,6000,7000,8.00E+03,1000,2000,3000,4000,targetThree
1000,9.00E+03,6000,7000,8.00E+03,1000,2000,3000,4000,targetThree
1000,9.00E+03,6000,7000,8.00E+03,1000,2000,3000,4000,targetThree
1000,9.00E+03,6000,7000,8.00E+03,1000,2000,3000,4000,targetThree
1000,9.00E+03,6000,7000,8.00E+03,1000,2000,3000,4000,targetThree
1000,9.00E+03,6000,7000,8.00E+03,1000,2000,3000,4000,targetThree
1000,9.00E+03,6000,7000,8.00E+03,1000,2000,3000,4000,targetThree
1000,9.00E+03,6000,7000,8.00E+03,1000,2000,3000,4000,targetThree
1000,9.00E+03,6000,7000,8.00E+03,1000,2000,3000,4000,targetThree
1000,9.00E+03,6000,7000,8.00E+03,1000,2000,3000,4000,targetThree
1000,9.00E+03,6000,7000,8.00E+03,1000,2000,3000,4000,targetThree
1000,9.00E+03,6000,7000,8.00E+03,1000,2000,3000,4000,targetThree
1000,9.00E+03,6000,7000,8.00E+03,1000,2000,3000,4000,targetThree
1000,9.00E+03,6000,7000,8.00E+03,1000,2000,3000,4000,targetThree
1000,9.00E+03,6000,7000,8.00E+03,1000,2000,3000,4000,targetThree
1000,9.00E+03,6000,7000,8.00E+03,1000,2000,3000,4000,targetThree
1000,9.00E+03,6000,7000,8.00E+03,1000,2000,3000,4000,targetThree
1000,9.00E+03,6000,7000,8.00E+03,1000,2000,3000,4000,targetThree
1000,9.00E+03,6000,7000,8.00E+03,1000,2000,3000,4000,targetThree
1000,9.00E+03,6000,7000,8.00E+03,1000,2000,3000,4000,targetThree
1000,9.00E+03,6000,7000,8.00E+03,1000,2000,3000,4000,targetThree
1000,9.00E+03,6000,7000,8.00E+03,1000,2000,3000,4000,targetThree
1000,9.00E+03,6000,7000,8.00E+03,1000,2000,3000,4000,targetThree
1000,9.00E+03,6000,7000,8.00E+03,1000,2000,3000,4000,targetThree
1000,9.00E+03,6000,7000,8.00E+03,1000,2000,3000,4000,targetThree
1000,9.00E+03,6000,7000,8.00E+03,1000,2000,3000,4000,targetThree
1000,9.00E+03,6000,7000,8.00E+03,1000,2000,3000,4000,targetThree
1000,9.00E+03,6000,7000,8.00E+03,1000,2000,3000,4000,targetThree
1000,9.00E+03,6000,7000,8.00E+03,1000,2000,3000,4000,targetThree
1000,9.00E+03,6000,7000,8.00E+03,1000,2000,3000,4000,targetThree
1000,9.00E+03,6000,7000,8.00E+03,1000,2000,3000,4000,targetThree
1000,9.00E+03,6000,7000,8.00E+03,1000,2000,3000,4000,targetThree
1000,9.00E+03,6000,7000,8.00E+03,1000,2000,3000,4000,targetThree
1000,9.00E+03,6000,7000,8.00E+03,1000,2000,3000,4000,targetThree
1000,9.00E+03,6000,7000,8.00E+03,1000,2000,3000,4000,targetThree
1000,9.00E+03,6000,7000,8.00E+03,1000,2000,3000,4000,targetThree
1000,9.00E+03,6000,7000,8.00E+03,1000,2000,3000,4000,targetThree
1000,9.00E+03,6000,7000,8.00E+03,1000,2000,3000,4000,targetThree
1000,9.00E+03,6000,7000,8.00E+03,1000,2000,3000,4000,targetThree
1000,9.00E+03,6000,7000,8.00E+03,1000,2000,3000,4000,targetThree
1000,9.00E+03,6000,7000,8.00E+03,1000,2000,3000,4000,targetThree
1000,9.00E+03,6000,7000,8.00E+03,1000,2000,3000,4000,targetThree
1000,9.00E+03,6000,7000,8.00E+03,1000,2000,3000,4000,targetThree
1000,9.00E+03,6000,7000,8.00E+03,1000,2000,3000,4000,targetThree
1000,9.00E+03,6000,7000,8.00E+03,1000,2000,3000,4000,targetThree
1000,9.00E+03,6000,7000,8.00E+03,1000,2000,3000,4000,targetThree
1000,9.00E+03,6000,7000,8.00E+03,1000,2000,3000,4000,targetThree
1000,9.00E+03,6000,7000,8.00E+03,1000,2000,3000,4000,targetThree
1000,9.00E+03,6000,7000,8.00E+03,1000,2000,3000,4000,targetThree
1000,9.00E+03,6000,7000,8.00E+03,1000,2000,3000,4000,targetThree
1000,9.00E+03,6000,7000,8.00E+03,1000,2000,3000,4000,targetThree
1000,9.00E+03,6000,7000,8.00E+03,1000,2000,3000,4000,targetThree
1000,9.00E+03,6000,7000,8.00E+03,1000,2000,3000,4000,targetThree
1000,9.00E+03,6000,7000,8.00E+03,1000,2000,3000,4000,targetThree
1000,9.00E+03,6000,7000,8.00E+03,1000,2000,3000,4000,targetThree
1000,9.00E+03,6000,7000,8.00E+03,1000,2000,3000,4000,targetThree
1000,9.00E+03,6000,7000,8.00E+03,1000,2000,3000,4000,targetThree
1000,9.00E+03,6000,7000,8.00E+03,1000,2000,3000,4000,targetThree
1000,9.00E+03,6000,7000,8.00E+03,1000,2000,3000,4000,targetThree
1000,9.00E+03,6000,7000,8.00E+03,1000,2000,3000,4000,targetThree
1000,9.00E+03,6000,7000,8.00E+03,1000,2000,3000,4000,targetThree
1000,9.00E+03,6000,7000,8.00E+03,1000,2000,3000,4000,targetThree
1000,9.00E+03,6000,7000,8.00E+03,1000,2000,3000,4000,targetThree
1000,9.00E+03,6000,7000,8.00E+03,1000,2000,3000,4000,targetThree
1000,9.00E+03,6000,7000,8.00E+03,1000,2000,3000,4000,targetThree
1000,9.00E+03,6000,7000,8.00E+03,1000,2000,3000,4000,targetThree
1000,9.00E+03,6000,7000,8.00E+03,1000,2000,3000,4000,targetThree
1000,9.00E+03,6000,7000,8.00E+03,1000,2000,3000,4000,targetThree
1000,9.00E+03,6000,7000,8.00E+03,1000,2000,3000,4000,targetThree
1000,9.00E+03,6000,7000,8.00E+03,1000,2000,3000,4000,targetThree
1000,9.00E+03,6000,7000,8.00E+03,1000,2000,3000,4000,targetThree
1000,9.00E+03,6000,7000,8.00E+03,1000,2000,3000,4000,targetThree
1000,9.00E+03,6000,7000,8.00E+03,1000,2000,3000,4000,targetThree
1000,9.00E+03,6000,7000,8.00E+03,1000,2000,3000,4000,targetThree
1000,9.00E+03,6000,7000,8.00E+03,1000,2000,3000,4000,targetThree
1000,9.00E+03,6000,7000,8.00E+03,1000,2000,3000,4000,targetThree
1000,9.00E+03,6000,7000,8.00E+03,1000,2000,3000,4000,targetThree
1000,9.00E+03,6000,7000,8.00E+03,1000,2000,3000,4000,targetThree
1000,9.00E+03,6000,7000,8.00E+03,1000,2000,3000,4000,targetThree
1000,9.00E+03,6000,7000,8.00E+03,1000,2000,3000,4000,targetThree
1000,9.00E+03,6000,7000,8.00E+03,1000,2000,3000,4000,targetThree
1000,9.00E+03,6000,7000,8.00E+03,1000,2000,3000,4000,targetThree
1000,9.00E+03,6000,7000,8.00E+03,1000,2000,3000,4000,targetThree
1000,9.00E+03,6000,7000,8.00E+03,1000,2000,3000,4000,targetThree
1000,9.00E+03,6000,7000,8.00E+03,1000,2000,3000,4000,targetThree
1000,9.00E+03,6000,7000,8.00E+03,1000,2000,3000,4000,targetThree
1000,9.00E+03,6000,7000,8.00E+03,1000,2000,3000,4000,targetThree
1000,9.00E+03,6000,7000,8.00E+03,1000,2000,3000,4000,targetThree
1000,9.00E+03,6000,7000,8.00E+03,1000,2000,3000,4000,targetThree
1000,9.00E+03,6000,7000,8.00E+03,1000,2000,3000,4000,targetThree
1000,9.00E+03,6000,7000,8.00E+03,1000,2000,3000,4000,targetThree
1000,9.00E+03,6000,7000,8.00E+03,1000,2000,3000,4000,targetThree
1000,9.00E+03,6000,7000,8.00E+03,1000,2000,3000,4000,targetThree
1000,9.00E+03,6000,7000,8.00E+03,1000,2000,3000,4000,targetThree
1000,9.00E+03,6000,7000,8.00E+03,1000,2000,3000,4000,targetThree
1000,9.00E+03,6000,7000,8.00E+03,1000,2000,3000,4000,targetThree
1000,9.00E+03,6000,7000,8.00E+03,1000,2000,3000,4000,targetThree
1000,9.00E+03,6000,7000,8.00E+03,1000,2000,3000,4000,targetThree
1000,9.00E+03,6000,7000,8.00E+03,1000,2000,3000,4000,targetThree
1000,9.00E+03,6000,7000,8.00E+03,1000,2000,3000,4000,targetThree
1000,9.00E+03,6000,7000,8.00E+03,1000,2000,3000,4000,targetThree
1000,9.00E+03,6000,7000,8.00E+03,1000,2000,3000,4000,targetThree
1000,9.00E+03,6000,7000,8.00E+03,1000,2000,3000,4000,targetThree
1000,9.00E+03,6000,7000,8.00E+03,1000,2000,3000,4000,targetThree
1000,9.00E+03,6000,7000,8.00E+03,1000,2000,3000,4000,targetThree
1000,9.00E+03,6000,7000,8.00E+03,1000,2000,3000,4000,targetThree
1000,9.00E+03,6000,7000,8.00E+03,1000,2000,3000,4000,targetThree
1000,9.00E+03,6000,7000,8.00E+03,1000,2000,3000,4000,targetThree
1000,9.00E+03,6000,7000,8.00E+03,1000,2000,3000,4000,targetThree
1000,9.00E+03,6000,7000,8.00E+03,1000,2000,3000,4000,targetThree
1000,9.00E+03,6000,7000,8.00E+03,1000,2000,3000,4000,targetThree
1000,9.00E+03,6000,7000,8.00E+03,1000,2000,3000,4000,targetThree
1000,9.00E+03,6000,7000,8.00E+03,1000,2000,3000,4000,targetThree
1000,9.00E+03,6000,7000,8.00E+03,1000,2000,3000,4000,targetThree
1000,9.00E+03,6000,7000,8.00E+03,1000,2000,3000,4000,targetThree
1000,9.00E+03,6000,7000,8.00E+03,1000,2000,3000,4000,targetThree
1000,9.00E+03,6000,7000,8.00E+03,1000,2000,3000,4000,targetThree
1000,9.00E+03,6000,7000,8.00E+03,1000,2000,3000,4000,targetThree
1000,9.00E+03,6000,7000,8.00E+03,1000,2000,3000,4000,targetThree
1000,9.00E+03,6000,7000,8.00E+03,1000,2000,3000,4000,targetThree
1000,9.00E+03,6000,7000,8.00E+03,1000,2000,3000,4000,targetThree
1000,9.00E+03,6000,7000,8.00E+03,1000,2000,3000,4000,targetThree
1000,9.00E+03,6000,7000,8.00E+03,1000,2000,3000,4000,targetThree
1000,9.00E+03,6000,7000,8.00E+03,1000,2000,3000,4000,targetThree
1000,9.00E+03,6000,7000,8.00E+03,1000,2000,3000,4000,targetThree
1000,9.00E+03,6000,7000,8.00E+03,1000,2000,3000,4000,targetThree
1000,9.00E+03,6000,7000,8.00E+03,1000,2000,3000,4000,targetThree
1000,9.00E+03,6000,7000,8.00E+03,1000,2000,3000,4000,targetThree
1000,9.00E+03,6000,7000,8.00E+03,1000,2000,3000,4000,targetThree
1000,9.00E+03,6000,7000,8.00E+03,1000,2000,3000,4000,targetThree
1000,9.00E+03,6000,7000,8.00E+03,1000,2000,3000,4000,targetThree
1000,9.00E+03,6000,7000,8.00E+03,1000,2000,3000,4000,targetThree
1000,9.00E+03,6000,7000,8.00E+03,1000,2000,3000,4000,targetThree
1000,9.00E+03,6000,7000,8.00E+03,1000,2000,3000,4000,targetThree
1000,9.00E+03,6000,7000,8.00E+03,1000,2000,3000,4000,targetThree
1000,9.00E+03,6000,7000,8.00E+03,1000,2000,3000,4000,targetThree
1000,9.00E+03,6000,7000,8.00E+03,1000,2000,3000,4000,targetThree
1000,9.00E+03,6000,7000,8.00E+03,1000,2000,3000,4000,targetThree
1000,9.00E+03,6000,7000,8.00E+03,1000,2000,3000,4000,targetThree
1000,9.00E+03,6000,7000,8.00E+03,1000,2000,3000,4000,targetThree
1000,9.00E+03,6000,7000,8.00E+03,1000,2000,3000,4000,targetThree
1000,9.00E+03,6000,7000,8.00E+03,1000,2000,3000,4000,targetThree
1000,9.00E+03,6000,7000,8.00E+03,1000,2000,3000,4000,targetThree
1000,9.00E+03,6000,7000,8.00E+03,1000,2000,3000,4000,targetThree
1000,9.00E+03,6000,7000,8.00E+03,1000,2000,3000,4000,targetThree
1000,9.00E+03,6000,7000,8.00E+03,1000,2000,3000,4000,targetThree
1000,9.00E+03,6000,7000,8.00E+03,1000,2000,3000,4000,targetThree
1000,9.00E+03,6000,7000,8.00E+03,1000,2000,3000,4000,targetThree
1000,9.00E+03,6000,7000,8.00E+03,1000,2000,3000,4000,targetThree
1000,9.00E+03,6000,7000,8.00E+03,1000,2000,3000,4000,targetThree
1000,9.00E+03,6000,7000,8.00E+03,1000,2000,3000,4000,targetThree
1000,9.00E+03,6000,7000,8.00E+03,1000,2000,3000,4000,targetThree
1000,9.00E+03,6000,7000,8.00E+03,1000,2000,3000,4000,targetThree
1000,9.00E+03,6000,7000,8.00E+03,1000,2000,3000,4000,targetThree
1000,9.00E+03,6000,7000,8.00E+03,1000,2000,3000,4000,targetThree
1000,9.00E+03,6000,7000,8.00E+03,1000,2000,3000,4000,targetThree
1000,9.00E+03,6000,7000,8.00E+03,1000,2000,3000,4000,targetThree
1000,9.00E+03,6000,7000,8.00E+03,1000,2000,3000,4000,targetThree
1000,9.00E+03,6000,7000,8.00E+03,1000,2000,3000,4000,targetThree
1000,9.00E+03,6000,7000,8.00E+03,1000,2000,3000,4000,targetThree
1000,9.00E+03,6000,7000,8.00E+03,1000,2000,3000,4000,targetThree
1000,9.00E+03,6000,7000,8.00E+03,1000,2000,3000,4000,targetThree
1000,9.00E+03,6000,7000,8.00E+03,1000,2000,3000,4000,targetThree
1000,9.00E+03,6000,7000,8.00E+03,1000,2000,3000,4000,targetThree
1000,9.00E+03,6000,7000,8.00E+03,1000,2000,3000,4000,targetThree
